record_id,doi,title,year,openalex_id,query_ids,openalex_work_type,known_anchor,live_concept_filter_drift,missing_live_concepts,title_floral,title_pollinator,title_antagonist,abstract_floral,abstract_pollinator,abstract_antagonist,title_floral_matches,title_pollinator_matches,title_antagonist_matches,abstract_floral_matches,abstract_pollinator_matches,abstract_antagonist_matches,machine_priority,machine_note,formal_title_abstract_decision,formal_title_abstract_reason,human_title_abstract_decision,human_title_abstract_reason,human_note
SCHPRISMA-000302,10.3390/insects14050454,Factors Affecting Pollination and Pollinators in Oil Palm Plantations: A Review with an Emphasis on the Elaeidobius kamerunicus Weevil (Coleoptera: Curculionidae),2023,https://openalex.org/W4376278717,Q01,article,NO,NO,,NO,YES,NO,YES,YES,YES,,pollination;pollinators,,flowers,pollination;pollinator;pollinators,parasitic,MEDIUM_TITLE_ONE,One registered concept occurs in the title; other concepts are abstract-supported.,,,,,
SCHPRISMA-000303,10.30707/etd2015.hembrough.a,Factors Constraining the Reproductive Output of Baptisia alba macrophylla,2015,https://openalex.org/W2336725473,Q08;Q12,dissertation,NO,NO,,NO,NO,NO,YES,YES,YES,,,,flower;flowers,pollinated;pollination,seed predation,ABSTRACT_ONLY,All registered concepts are recovered only after abstract information is considered.,,,,,
SCHPRISMA-000307,10.1111/j.1469-8137.2006.01889.x,Ferns represent an untapped biodiversity for improving crops for environmental stress tolerance,2006,https://openalex.org/W2007290400,Q01;Q05,article,NO,NO,,NO,NO,NO,YES,YES,YES,,,,flowers,pollination;pollinators,exploited,ABSTRACT_ONLY,All registered concepts are recovered only after abstract information is considered.,,,,,
SCHPRISMA-000308,10.3390/plants14182885,Fig Macula as a Key Multifunctional Structure Mediating the Fig–Fig Wasp Mutualism,2025,https://openalex.org/W4414288033,Q01;Q05,article,NO,NO,,YES,NO,NO,YES,YES,YES,fig,,,fig;figs,pollinating;pollination,non-pollinating;ovipositing;ovipositor,MEDIUM_TITLE_ONE,One registered concept occurs in the title; other concepts are abstract-supported.,,,,,
SCHPRISMA-000309,10.1002/ajb2.70167,Fitness consequences of trait‐mediated plant–pollinator interactions,2026,https://openalex.org/W7130845460,Q10;Q13,article,NO,NO,,NO,YES,NO,YES,YES,YES,,pollinator,,fig;floral;flower;flowers,pollinator;pollinators,antagonistic;herbivore;nectar robbers,MEDIUM_TITLE_ONE,One registered concept occurs in the title; other concepts are abstract-supported.,,,,,
SCHPRISMA-000310,10.1890/1051-0761(2001)011[0934:fohbwa]2.0.co;2,FITNESS OF HYBRIDS BETWEEN WEEDY AND CULTIVATED RADISH: IMPLICATIONS FOR WEED EVOLUTION,2001,https://openalex.org/W2132553576,Q09,article,NO,NO,,NO,NO,NO,YES,YES,YES,,,,flower;flowers,pollinators,herbivores,ABSTRACT_ONLY,All registered concepts are recovered only after abstract information is considered.,,,,,
SCHPRISMA-000317,10.1002/ece3.72133,"Floral Integration and Phenotypic Selection on Floral Traits of Ipomoea cavalcantei (Convolvulaceae), a Rare, Endemic, and Endangered Species to the Amazon Ironstone Outcrops",2025,https://openalex.org/W4414166869,Q10;Q12;Q13,article,NO,NO,,YES,NO,NO,YES,YES,YES,floral,,,floral;flowers,pollinated;pollination;pollinators,seed predation;seed predators,MEDIUM_TITLE_ONE,One registered concept occurs in the title; other concepts are abstract-supported.,,,,,
SCHPRISMA-000324,,"Floral resource availability and its use by hummingbirds in an area of cerrado of Uberlândia, MG",2011,https://openalex.org/W7120874267,Q13,dissertation,NO,NO,,YES,NO,NO,YES,YES,YES,floral,,,floral;flower;flowers,pollinated;pollination;pollinator;pollinators,nectar thieves,MEDIUM_TITLE_ONE,One registered concept occurs in the title; other concepts are abstract-supported.,,,,,
SCHPRISMA-000325,,FLORAL SCENT IN A WHOLE-PLANT CONTEXT Floral volatiles controlling ant behaviour,2009,https://openalex.org/W2183295251,Q01;Q03;Q05,article,NO,NO,,YES,NO,NO,YES,YES,YES,floral,,,floral;flowers,pollinators,herbivores;seed predators,MEDIUM_TITLE_ONE,One registered concept occurs in the title; other concepts are abstract-supported.,,,,,
SCHPRISMA-000327,10.1201/9780429455612-10,Floral Scent Metabolic Pathways and Their Regulation,2020,https://openalex.org/W3026597822,Q02,book-chapter,NO,NO,,YES,NO,NO,YES,YES,YES,floral,,,floral;flowers,pollinators,florivores,MEDIUM_TITLE_ONE,One registered concept occurs in the title; other concepts are abstract-supported.,,,,,
SCHPRISMA-000337,10.1093/hr/uhae220,"Floral volatile benzenoids/phenylpropanoids: biosynthetic pathway, regulation and ecological value",2024,https://openalex.org/W4401558614,Q01;Q05,article,NO,NO,,YES,NO,NO,YES,YES,YES,floral,,,floral;flower,pollinator;pollinators,herbivores,MEDIUM_TITLE_ONE,One registered concept occurs in the title; other concepts are abstract-supported.,,,,,
SCHPRISMA-000338,10.1111/j.1365-2435.2009.01632.x,Floral volatiles controlling ant behaviour,2009,https://openalex.org/W2075365169,Q01;Q02;Q03;Q04;Q05;Q09;Q10;Q12;Q13,article,NO,NO,,YES,NO,NO,YES,YES,YES,floral,,,floral;flowers,pollinators,herbivores;seed predators,MEDIUM_TITLE_ONE,One registered concept occurs in the title; other concepts are abstract-supported.,,,,,
SCHPRISMA-000341,10.1111/pce.12314,Floral volatiles: from biosynthesis to function,2014,https://openalex.org/W2135298692,Q01;Q02;Q03;Q05;Q09;Q11;Q12,article,NO,NO,,YES,NO,NO,YES,YES,YES,floral,,,floral;flowers,pollinators,florivores,MEDIUM_TITLE_ONE,One registered concept occurs in the title; other concepts are abstract-supported.,,,,,
SCHPRISMA-000351,10.1111/oik.01347,Flower visitation by birds in Europe,2014,https://openalex.org/W2137588919,Q13,article,NO,NO,,YES,NO,NO,YES,YES,YES,flower,,,floral;flower;flowers,pollinating;pollination;pollinators,exploiting,MEDIUM_TITLE_ONE,One registered concept occurs in the title; other concepts are abstract-supported.,,,,,
SCHPRISMA-000356,10.3120/0024-9637-70.4.197,"FLOWERING, FRUIT SET, AND SEED PREDATION IN ARCTOSTAPHYLOS MORROENSIS, A RARE OBLIGATE-SEEDING SHRUB",2024,https://openalex.org/W4399087562,Q12;Q13,article,NO,NO,,NO,NO,YES,YES,YES,YES,,,seed predation,flower,pollinator;pollinators,herbivores;seed predation;seed predators,MEDIUM_TITLE_ONE,One registered concept occurs in the title; other concepts are abstract-supported.,,,,,
SCHPRISMA-000357,10.15302/j-fase-2021427,FLOWERING PLANTS AND ENTOMOPHAGOUS ARTHROPODS IN THE AGRICULTURAL LANDSCAPE: A PRACTISE-ORIENTED SUMMARY OF A COMPLEX RELATIONSHIP,2021,https://openalex.org/W4251710210,Q01,article,NO,NO,,NO,NO,NO,YES,YES,YES,,,,floral,pollination,parasitoids,ABSTRACT_ONLY,All registered concepts are recovered only after abstract information is considered.,,,,,
SCHPRISMA-000358,10.1046/j.1365-2311.2002.00438.x,Flowers at the front line of invasion?,2002,https://openalex.org/W1967113924,Q12,article,NO,NO,,YES,NO,NO,YES,YES,YES,flowers,,,floral;flower;flowers,pollinating;pollination;pollinator;pollinators,herbivores;seed predation;seed predators,MEDIUM_TITLE_ONE,One registered concept occurs in the title; other concepts are abstract-supported.,,,,,
SCHPRISMA-000359,10.1111/oik.10219,"Flowers of ruderal species are numerous but small, short and low‐rewarding",2023,https://openalex.org/W4386483108,Q01;Q04;Q07;Q08;Q09;Q13,article,NO,NO,,YES,NO,NO,YES,YES,YES,flowers,,,floral;flower;flowers,pollinators,parasitoid,MEDIUM_TITLE_ONE,One registered concept occurs in the title; other concepts are abstract-supported.,,,,,
SCHPRISMA-000361,10.1007/s11101-019-09642-y,For antagonists and mutualists: the paradox of insect toxic secondary metabolites in nectar and pollen,2019,https://openalex.org/W2970593363,Q01;Q04;Q07;Q10;Q13,article,NO,NO,,NO,NO,YES,YES,YES,YES,,,antagonists,floral;flower,pollination;pollinator;pollinators,antagonists;herbivores;parasites,MEDIUM_TITLE_ONE,One registered concept occurs in the title; other concepts are abstract-supported.,,,,,
SCHPRISMA-000362,10.1111/oik.2017.v126.i9,Foraging strategy predicts foraging economy in a facultative secondary nectar robber,2017,https://openalex.org/W4243010376,Q13,paratext,NO,NO,,NO,NO,YES,YES,YES,YES,,,nectar robber,floral;flower;flowers,pollination,nectar robbing,MEDIUM_TITLE_ONE,One registered concept occurs in the title; other concepts are abstract-supported.,,,,,
SCHPRISMA-000363,10.20944/preprints202511.1707.v1,Four Petal-Specific TPS Drive Nocturnal Terpene Scent in Jasminum sambac,2025,https://openalex.org/W4416615265,Q01;Q05;Q10,preprint,NO,NO,,NO,NO,NO,YES,YES,YES,,,,floral;flower,pollination;pollinators,antagonists,ABSTRACT_ONLY,All registered concepts are recovered only after abstract information is considered.,,,,,
SCHPRISMA-000364,10.3390/horticulturae12010010,Four Petal-Specific TPS Drive Nocturnal Terpene Scent in Jasminum sambac,2025,https://openalex.org/W7116858585,Q01;Q05;Q10,article,NO,NO,,NO,NO,NO,YES,YES,YES,,,,floral;flower,pollination;pollinators,antagonists,ABSTRACT_ONLY,All registered concepts are recovered only after abstract information is considered.,,,,,
SCHPRISMA-000366,10.1201/9781003595694-2,Fragrant Signals (Jasmonates) in Growth and Development,2025,https://openalex.org/W4408891910,Q01,book-chapter,NO,NO,,NO,NO,NO,YES,YES,YES,,,,floral;flower,pollinators,herbivores,ABSTRACT_ONLY,All registered concepts are recovered only after abstract information is considered.,,,,,
SCHPRISMA-000367,10.1111/nph.12720,Frontiers in chemical ecology and coevolution,2014,https://openalex.org/W2121455504,Q05,article,NO,NO,,NO,NO,NO,YES,YES,YES,,,,fig;floral,pollination;pollinator;pollinators,herbivore;herbivores;herbivory,ABSTRACT_ONLY,All registered concepts are recovered only after abstract information is considered.,,,,,
SCHPRISMA-000368,10.3390/ijms252212247,Functional Analysis of PsHMGR1 and PsTPS1 Related to Floral Terpenoids Biosynthesis in Tree Peony,2024,https://openalex.org/W4404377108,Q01;Q05,article,NO,NO,,YES,NO,NO,YES,YES,YES,floral,,,floral;flower;flowers,pollination,exploitation,MEDIUM_TITLE_ONE,One registered concept occurs in the title; other concepts are abstract-supported.,,,,,
SCHPRISMA-000369,10.3389/fpls.2022.1077229,Functional characterization of a terpene synthase responsible for (E)-β-ocimene biosynthesis identified in Pyrus betuleafolia transcriptome after herbivory,2022,https://openalex.org/W4309738995,Q01,article,NO,NO,,NO,NO,YES,YES,YES,YES,,,herbivory,flowers,pollinators,herbivore;herbivores,MEDIUM_TITLE_ONE,One registered concept occurs in the title; other concepts are abstract-supported.,,,,,
SCHPRISMA-000370,10.1002/ecy.1756,Functional consequences of plant‐animal interactions along the mutualism‐antagonism gradient,2017,https://openalex.org/W2581996291,Q08;Q12;Q13,article,NO,NO,,NO,NO,YES,YES,YES,YES,,,antagonism,flower,flower visitor;pollination;pollinator,antagonism;antagonistic;antagonists;florivores;seed predators,MEDIUM_TITLE_ONE,One registered concept occurs in the title; other concepts are abstract-supported.,,,,,
SCHPRISMA-000371,10.1007/s10531-025-03225-4,Functional redundancy in invertebrate pollinator-predator networks supports conservation of a threatened North American orchid: a case study of Platanthera integrilabia,2026,https://openalex.org/W7118431838,Q09;Q10,article,NO,NO,,NO,YES,NO,YES,YES,YES,,pollinator,,flowers,pollinated;pollination;pollinator;pollinators,herbivores;herbivory,MEDIUM_TITLE_ONE,One registered concept occurs in the title; other concepts are abstract-supported.,,,,,
SCHPRISMA-000372,10.1016/j.baae.2026.07.005,Functional roles and plant-mediated bottom-up effects influence arthropod responses to habitat fragmentation,2026,https://openalex.org/W7167572087,Q09,article,NO,NO,,NO,NO,NO,YES,YES,YES,,,,floral,pollinator;pollinators,herbivory,ABSTRACT_ONLY,All registered concepts are recovered only after abstract information is considered.,,,,,
SCHPRISMA-000373,10.1111/j.1469-8137.2008.02428.x,Fungal sex as a private matter: odour signals in a specialized pollination‐like insect–fungus mutualism,2008,https://openalex.org/W2092982542,Q05,article,NO,NO,,NO,YES,NO,YES,YES,YES,,pollination,,fig;figs;floral;flower,pollinating;pollination;pollinator;pollinators,antagonistic;herbivores;oviposit;parasites;parasitoid,MEDIUM_TITLE_ONE,One registered concept occurs in the title; other concepts are abstract-supported.,,,,,
SCHPRISMA-000374,10.53846/goediss-3420,Funktionelle Vielfalt von Hymenopteren entlang eines Gradienten agroforstlicher Nutzung in Indonesien,2008,https://openalex.org/W1794751729,Q08;Q09;Q13,dissertation,NO,NO,,NO,NO,NO,YES,YES,YES,,,,floral;flower,pollination;pollinator;pollinators,antagonists;parasitism,ABSTRACT_ONLY,All registered concepts are recovered only after abstract information is considered.,,,,,
SCHPRISMA-000375,10.1371/journal.pone.0059299,"Generalization versus Specialization in Pollination Systems: Visitors, Thieves, and Pollinators of Hypoestes aristata (Acanthaceae)",2013,https://openalex.org/W2152475483,Q13,article,NO,NO,,NO,YES,NO,YES,YES,YES,,pollination;pollinators,,floral;flowers,floral visitors;pollinated;pollination;pollinator;pollinators,nectar thief,MEDIUM_TITLE_ONE,One registered concept occurs in the title; other concepts are abstract-supported.,,,,,
SCHPRISMA-000377,10.4236/ajps.2014.518283,"Geographic Flower Trait Variation of Aquilegia buergeriana Sieb. et Zucc. var. buergeriana on Mt. Norikura and the Utsukushigahara Highland, Japan",2014,https://openalex.org/W2118141246,Q09;Q12,article,NO,NO,,YES,NO,NO,YES,YES,YES,flower,,,flower,flower visitors;pollinator,non-pollinator,MEDIUM_TITLE_ONE,One registered concept occurs in the title; other concepts are abstract-supported.,,,,,
SCHPRISMA-000378,10.1002/ecs2.2943,"Geographic isolation, pollination syndromes, and pollinator generalization in HimalayanRoscoeaspp. (Zingiberaceae)",2019,https://openalex.org/W2984597044,Q08;Q09;Q10;Q13,article,NO,NO,,NO,YES,NO,YES,YES,YES,,pollination;pollinator,,floral;flowers,floral visitors;pollination;pollinator;pollinators,nectar robbers,MEDIUM_TITLE_ONE,One registered concept occurs in the title; other concepts are abstract-supported.,,,,,
SCHPRISMA-000382,10.1104/pp.109.148478,Glucanases and Chitinases as Causal Agents in the Protection ofAcaciaExtrafloral Nectar from Infestation by Phytopathogens,2009,https://openalex.org/W2151953540,Q01;Q04,article,NO,NO,,NO,NO,NO,YES,YES,YES,,,,floral,pollinators,herbivores;herbivory,ABSTRACT_ONLY,All registered concepts are recovered only after abstract information is considered.,,,,,
SCHPRISMA-000384,10.17863/cam.22834,"Grip, slip, petals, and pollinators: Linking the biomechanics, behaviour and ecology of interactions between bees and plants",2017,https://openalex.org/W2799685560,Q10,dissertation,NO,NO,,NO,YES,NO,YES,NO,YES,,pollinators,,flowers,,parasite,MEDIUM_TITLE_ONE,One registered concept occurs in the title; other concepts are abstract-supported.,,,,,
SCHPRISMA-000385,10.1111/j.1744-7429.2007.00345.x,Habitat Structure Affects Reproductive Success of the Rare Endemic Tree Syzygium mamillatum (Myrtaceae) in Restored and Unrestored Sites in Mauritius,2007,https://openalex.org/W2027931705,Q08;Q09,article,NO,NO,,NO,NO,NO,YES,YES,YES,,,,flower;flowers,pollination,herbivore;herbivory,ABSTRACT_ONLY,All registered concepts are recovered only after abstract information is considered.,,,,,
SCHPRISMA-000386,10.26786/1920-7603(2022)685,"Hawaiian Endemic Honeycreepers (Drepanidinae) are Nectar Robbers of the Invasive Banana Poka (Passiflora tarminiana, Passifloraceae)",2022,https://openalex.org/W4224267961,Q13,article,NO,NO,,NO,NO,YES,YES,YES,YES,,,nectar robbers,floral;flowers,pollinated;pollination,nectar robbed,MEDIUM_TITLE_ONE,One registered concept occurs in the title; other concepts are abstract-supported.,,,,,
SCHPRISMA-000396,10.1101/2021.04.19.440496,Herbivory enhances leaky sex expression in the dioecious herb Mercurialis annua,2021,https://openalex.org/W3154685877,Q01;Q06;Q08;Q10,preprint,NO,NO,,NO,NO,YES,YES,YES,YES,,,herbivory,flowers,pollinated;pollinators,antagonists;herbivores;herbivory,MEDIUM_TITLE_ONE,One registered concept occurs in the title; other concepts are abstract-supported.,,,,,
SCHPRISMA-000399,10.1890/11-1691.1,Herbivory reduces plant interactions with above‐ and belowground antagonists and mutualists,2012,https://openalex.org/W2053309077,Q01;Q05;Q08;Q09;Q10,article,NO,NO,,NO,NO,YES,YES,YES,YES,,,antagonists;herbivory,flowers,pollination;pollinator;pollinators,antagonists;herbivore;herbivores;herbivory,MEDIUM_TITLE_ONE,One registered concept occurs in the title; other concepts are abstract-supported.,,,,,
SCHPRISMA-000400,10.1111/nph.13652,Heritability of floral volatiles and pleiotropic responses to artificial selection in Brassica rapa,2015,https://openalex.org/W2151088951,Q01;Q05;Q06;Q09;Q10;Q11,article,NO,NO,,YES,NO,NO,YES,YES,YES,floral,,,floral,pollinator,herbivore,MEDIUM_TITLE_ONE,One registered concept occurs in the title; other concepts are abstract-supported.,,,,,
