trait_axis_id,cluster_id,source_id,plant_taxon,trait_coordinate,trait_domain,function_1,function_2,function_pair_family,shared_coordinate_status,pollinator_guild,antagonist_guild,antagonist_role_status,interaction_timing,trait_manipulated,consumer_context_manipulated,common_fitness_endpoint,multilevel_trait_surface,conflict_detected,alignment_detected,one_sided_or_null_detected,context_shift_detected,compromise_detected,cancellation_detected,identification_level,geometry_eligibility,context_switch_eligibility,cancellation_eligibility,design_audit_eligible,eligibility_reason,source_verification_state,source_basis,coding_status,notes
Disa_000048_yellow_apices,Disa_similis_anther_mimic_program,SCHPRISMA-000048,Disa similis,yellow anther-mimic petal apices,CHEMICAL_OR_VISUAL_SIGNAL,pollination by pollen-seeking beetles,petal-apex consumption/florivory,MUTUALIST_EXPLOITER_COUPLED,SAME_COORDINATE,pollen-feeding beetle Isoplia lasiosoma,pollen-feeding beetle Isoplia lasiosoma,BENEFIT_COST_COUPLED,SAME_VISIT_COUPLED,YES,NO,YES,NO,UNRESOLVED,UNRESOLVED,UNRESOLVED,UNRESOLVED,UNRESOLVED,UNRESOLVED,ROLE_COUPLING_BOUNDARY,BOUNDARY_BENEFIT_COST_COUPLED,INELIGIBLE_SINGLE_CONTEXT,INELIGIBLE_COUPLED_ROLE,YES,"The same beetle is attracted to the yellow mimic, chews the signal-bearing apices and pollinates; benefit and damage are not separable fixed consumer roles.",SOURCE_VERIFIED_PRIMARY,"Adit & Johnson 2025 Plant Biology DOI 10.1111/plb.70060",OUTCOME_CODED_BOUNDARY,"Painting or excising yellow markings reduces fruit set; chewing is positively associated with pollen removal/deposition. Florivory is behaviorally coupled to pollination rather than an independently identified antagonist loss."
Blueberry_000076_corolla_access,Blueberry_cultivar_role_switch_program,SCHPRISMA-000076,Vaccinium corymbosum cultivars,corolla access geometry,MORPHOLOGY,legitimate pollinator visitation,nectar-robbing visitation,MUTUALIST_EXPLOITER_ROLE_SWITCH,SAME_COORDINATE,honeybees and bumblebees,nectar-robbing honeybees,ROLE_DEPENDENT,ROLE_SWITCH_ACROSS_FLORAL_GEOMETRY,NO,NO,YES,NO,UNRESOLVED,UNRESOLVED,UNRESOLVED,YES,UNRESOLVED,UNRESOLVED,ROLE_DEPENDENT_BOUNDARY,BOUNDARY_ROLE_DEPENDENT,ELIGIBLE_MULTI_CONTEXT,INELIGIBLE_ROLE_DEPENDENT,YES,"Floral morphology changes whether visitors use flowers legitimately or rob nectar; the same broad visitor class cannot be assigned one fixed functional sign.",SOURCE_VERIFIED_PRIMARY,"Castro et al. 2026 Web Ecology DOI 10.5194/we-26-83-2026; four highbush blueberry cultivars",OUTCOME_CODED_BOUNDARY,"Cultivar morphology changes visitation and robbing behavior; retained as consumer-role switching rather than fixed mutualist-antagonist conflict."
Lithophragma_000151_corolla_opening,Lithophragma_bolanderi_Greya_program,SCHPRISMA-000151,Lithophragma bolanderi,corolla-opening diameter,MORPHOLOGY,pollination efficacy,oviposition with subsequent larval seed consumption,MUTUALIST_BROOD_PARASITE_COUPLED,SAME_COORDINATE,Greya politella and Greya obscura,Greya politella brood-pollinating seed parasite,BENEFIT_COST_COUPLED,LIFE_CYCLE_COUPLED,NO,YES,YES,NO,UNRESOLVED,UNRESOLVED,UNRESOLVED,YES,UNRESOLVED,UNRESOLVED,ROLE_COUPLING_BOUNDARY,BOUNDARY_BENEFIT_COST_COUPLED,ELIGIBLE_MULTI_CONTEXT,INELIGIBLE_COUPLED_ROLE,YES,"G. politella pollinates while ovipositing and its larvae consume seeds; local/nonlocal efficacy is measured, but the benefit and cost are life-cycle coupled rather than two fixed agents.",SOURCE_VERIFIED_PRIMARY,"Gross et al. 2023 Ecology DOI 10.1002/ecy.4043; Dryad corolla-opening and efficacy data",OUTCOME_CODED_BOUNDARY,"Corolla opening differs between focal populations and is discussed as matching local nectaring versus ovipositing pollination modes."
Lithophragma_000151_pistil_height,Lithophragma_bolanderi_Greya_program,SCHPRISMA-000151,Lithophragma bolanderi,pistil height,MORPHOLOGY,pollination efficacy,oviposition with subsequent larval seed consumption,MUTUALIST_BROOD_PARASITE_COUPLED,SAME_COORDINATE,Greya politella and Greya obscura,Greya politella brood-pollinating seed parasite,BENEFIT_COST_COUPLED,LIFE_CYCLE_COUPLED,NO,YES,YES,NO,UNRESOLVED,UNRESOLVED,UNRESOLVED,YES,UNRESOLVED,UNRESOLVED,ROLE_COUPLING_BOUNDARY,BOUNDARY_BENEFIT_COST_COUPLED,ELIGIBLE_MULTI_CONTEXT,INELIGIBLE_COUPLED_ROLE,YES,"Floral morphology differs between populations associated with different Greya communities, but seed-cost geometry is coupled to the pollinating brood-parasite life cycle.",SOURCE_VERIFIED_PRIMARY,"Gross et al. 2023 Ecology DOI 10.1002/ecy.4043",OUTCOME_CODED_BOUNDARY,"Pistil-height divergence is linked to local interaction architecture; no fixed antagonist component is assigned."
Lithophragma_000151_floral_width,Lithophragma_bolanderi_Greya_program,SCHPRISMA-000151,Lithophragma bolanderi,floral width,MORPHOLOGY,pollination efficacy,oviposition with subsequent larval seed consumption,MUTUALIST_BROOD_PARASITE_COUPLED,SAME_COORDINATE,Greya politella and Greya obscura,Greya politella brood-pollinating seed parasite,BENEFIT_COST_COUPLED,LIFE_CYCLE_COUPLED,NO,YES,YES,NO,UNRESOLVED,UNRESOLVED,UNRESOLVED,YES,UNRESOLVED,UNRESOLVED,ROLE_COUPLING_BOUNDARY,BOUNDARY_BENEFIT_COST_COUPLED,ELIGIBLE_MULTI_CONTEXT,INELIGIBLE_COUPLED_ROLE,YES,"Floral morphology differs between populations associated with different Greya communities, but pollination benefit and larval cost belong to the same brood-pollination interaction.",SOURCE_VERIFIED_PRIMARY,"Gross et al. 2023 Ecology DOI 10.1002/ecy.4043",OUTCOME_CODED_BOUNDARY,"Larger floral width in one population is consistent with local ovipositing-pollinator mechanics."
Lithophragma_000151_petal_length,Lithophragma_bolanderi_Greya_program,SCHPRISMA-000151,Lithophragma bolanderi,petal length,MORPHOLOGY,pollination efficacy,oviposition with subsequent larval seed consumption,MUTUALIST_BROOD_PARASITE_COUPLED,SAME_COORDINATE,Greya politella and Greya obscura,Greya politella brood-pollinating seed parasite,BENEFIT_COST_COUPLED,LIFE_CYCLE_COUPLED,NO,YES,YES,NO,UNRESOLVED,UNRESOLVED,UNRESOLVED,YES,UNRESOLVED,UNRESOLVED,ROLE_COUPLING_BOUNDARY,BOUNDARY_BENEFIT_COST_COUPLED,ELIGIBLE_MULTI_CONTEXT,INELIGIBLE_COUPLED_ROLE,YES,"Petal-length divergence is part of the locally differentiated floral morphology, but a fixed antagonist-loss component on this axis is not identified.",SOURCE_VERIFIED_PRIMARY,"Gross et al. 2023 Ecology DOI 10.1002/ecy.4043",OUTCOME_CODED_BOUNDARY,"Retained as a life-cycle coupled mutualism-exploitation boundary axis."
Primula_farinosa_000167_flower_number,Primula_farinosa_scape_program,SCHPRISMA-000167,Primula farinosa,flower number,MORPHOLOGY,pollinator-mediated selection,seed-predator/grazer-mediated selection,MUTUALIST_ANTAGONIST,SAME_COORDINATE,insect pollinators,seed predators and grazers,NET_ANTAGONISTIC,SIMULTANEOUS_OR_OVERLAPPING,NO,NO,YES,NO,UNRESOLVED,UNRESOLVED,UNRESOLVED,YES,UNRESOLVED,UNRESOLVED,MORPH_SPECIFIC_SELECTION,ELIGIBLE_BOUNDED_COORDINATE,ELIGIBLE_MULTI_CONTEXT,PENDING_NUMERIC_EXTRACTION,YES,"The source programme reports morph-specific and spatially varying selection on floral display, but agent-specific signs for this individual axis are not yet frozen.",SOURCE_VERIFIED_PRIMARY,"Primula farinosa source programme; morph-specific selection paper PMID 20406348; thesis/full-text audit SCHPRISMA-000167",AXIS_FROZEN_OUTCOME_PARTIAL,"Selection for more flowers differs between scape morphs; exact pollinator versus antagonist decomposition remains unresolved."
Primula_farinosa_000167_petal_size,Primula_farinosa_scape_program,SCHPRISMA-000167,Primula farinosa,petal size,MORPHOLOGY,pollinator-mediated selection,seed-predator/grazer-mediated selection,MUTUALIST_ANTAGONIST,SAME_COORDINATE,insect pollinators,seed predators and grazers,NET_ANTAGONISTIC,SIMULTANEOUS_OR_OVERLAPPING,NO,NO,YES,NO,UNRESOLVED,UNRESOLVED,UNRESOLVED,YES,UNRESOLVED,UNRESOLVED,MORPH_SPECIFIC_SELECTION,ELIGIBLE_BOUNDED_COORDINATE,ELIGIBLE_MULTI_CONTEXT,PENDING_NUMERIC_EXTRACTION,YES,"Morph-specific selection on floral display is identified, but agent-specific component signs for petal size are not yet frozen.",SOURCE_VERIFIED_PRIMARY,"Primula farinosa source programme; morph-specific selection paper PMID 20406348; thesis/full-text audit SCHPRISMA-000167",AXIS_FROZEN_OUTCOME_PARTIAL,"Selection for larger petals is stronger in the short-scaped morph in one population."
Primula_farinosa_000167_corolla_tube_width,Primula_farinosa_scape_program,SCHPRISMA-000167,Primula farinosa,corolla tube width,MORPHOLOGY,pollinator-mediated selection,seed-predator/grazer-mediated selection,MUTUALIST_ANTAGONIST,SAME_COORDINATE,insect pollinators,seed predators and grazers,NET_ANTAGONISTIC,SIMULTANEOUS_OR_OVERLAPPING,NO,NO,YES,NO,UNRESOLVED,UNRESOLVED,UNRESOLVED,YES,UNRESOLVED,UNRESOLVED,MORPH_SPECIFIC_SELECTION,ELIGIBLE_BOUNDED_COORDINATE,ELIGIBLE_MULTI_CONTEXT,PENDING_NUMERIC_EXTRACTION,YES,"Morph-specific selection on a pollination-efficiency trait is identified, while agent-specific conflict geometry remains pending.",SOURCE_VERIFIED_PRIMARY,"Primula farinosa source programme; morph-specific selection paper PMID 20406348; thesis/full-text audit SCHPRISMA-000167",AXIS_FROZEN_OUTCOME_PARTIAL,"Selection for narrower corolla tubes is detected in the short-scaped morph but not the long-scaped morph in one population."
