prediction_id,chapter_level,target,minimum_design,positive_result,main_alternative,claim_ceiling
SCH-P1,L0_MULTIFUNCTIONALITY,"same z affects function 1 and function 2","manipulate or measure one invariant z coordinate under both functions","non-zero z response for both declared functions","different hidden coordinates or correlated traits drive the two functions","multifunctionality of the declared coordinate"
SCH-P2,L1_FUNCTIONAL_CONFLICT,"intervention-defined state preferences differ","multi-level z crossed with selective P/G states","z_P_star and z_G_star are separated with uncertainty incompatible with one common state optimum","one common state optimum or unresolved curvature","functional conflict on one shared coordinate; not pure z_F1_star/z_F2_star identification"
SCH-P3,L2_COMPROMISE_GEOMETRY,"combined optimum is displaced between or away from state-specific optima","multi-level z under P/G states plus common fitness","z_C_star is a supported interior W11 optimum and differs from at least one state-specific optimum","intermediate phenotype caused by unmeasured process or monotonic endpoint","case-level shared-trait compromise"
SCH-P4,L3_CAUSAL_BALANCE,"functional weights causally maintain the compromise","selectively weaken pollination and antagonism in separate treatments","removing G shifts z_C_star toward z_P_star and removing P shifts z_C_star toward z_G_star","trait optimum fixed by non-focal costs or intervention contamination","mechanism-resolved balance using state-specific optima"
SCH-P5,L3_LOCAL_CHANNELS,"opposing functions act on the same local z contrast","two-level z x function-1 access x function-2 access crossed design","function-1 access makes the z effect more positive while function-2 access makes it less positive","only one function responds or interventions are not selective","local functional conflict"
SCH-P6,L4_EVOLUTIONARY_MAINTENANCE,"the compromise affects evolutionary trajectories","heritability plus repeated selection or experimental evolution","trait means/frequencies move predictably when functional weights are changed","phenotypic plasticity only or no response to selection","evolutionary maintenance / redirection"
SCH-P7,THEORY_PURE_FUNCTION_OPTIMA,"pure function-specific optima z_F1_star and z_F2_star are identified beyond state-specific reproductive optima","independent assay or restriction that identifies direct/background C(z) and isolates each functional objective","pure z_F1_star/z_F2_star are estimable separately from z_P_star/z_G_star","state optima remain mixtures of focal and direct/background consequences","pure function-optimum claim only"
SCH-P8,BRIDGE_TO_BITA,"measured state-specific compromise creates an empirical target for added dimensionality","positive causal SCH receipt with z_P_star z_G_star z_C_star","BITA can prospectively test movement of x_star toward z_P_star by default","added coordinate fails to release or worsens joint fitness","state-specific dimensional-release opportunity"
SCH-P9,THEORY_BRIDGE_TO_BITA,"larger pure-function conflict creates greater ideal value of added dimensionality","independently identify z_F1_star z_F2_star local curvature/weights and architecture cost","theoretical compromise penalty increases with pure optimum separation and joint functional strength","added architecture cost dominates or residual coupling prevents release","theory-level Delta_mod opportunity; not default empirical estimand"
